-- Generated by Oracle SQL Developer Data Modeler 18.2.0.179.0756
--   at:        2018-12-12 14:03:46 EST
--   site:      Oracle Database 11g
--   type:      Oracle Database 11g



CREATE TABLE activityconsultant (
    staffid         CHAR(8) NOT NULL,
    serviceunitid   INTEGER NOT NULL
);

ALTER TABLE activityconsultant ADD CONSTRAINT activityconsultant_pk PRIMARY KEY ( staffid,
                                                                                  serviceunitid );

CREATE TABLE badges (
    name         NVARCHAR2(40) NOT NULL,
    eventname    NVARCHAR2(50),
    scoutlevel   CHAR(12)
);

ALTER TABLE badges ADD CONSTRAINT badges_pk PRIMARY KEY ( name );

CREATE TABLE badges_earned (
    pid         CHAR(8) NOT NULL,
    troopid     INTEGER NOT NULL,
    badgename   NVARCHAR2(30) NOT NULL
);

ALTER TABLE badges_earned
    ADD CONSTRAINT badges_earned_pk PRIMARY KEY ( pid,
                                                  badgename,
                                                  troopid );

CREATE TABLE cookiecoordinator (
    staffid         CHAR(8) NOT NULL,
    serviceunitid   INTEGER NOT NULL
);

ALTER TABLE cookiecoordinator ADD CONSTRAINT cookiecoordinator_pk PRIMARY KEY ( staffid,
                                                                                serviceunitid );

CREATE TABLE cookies (
    name          NVARCHAR2(20) NOT NULL,
    supplier      NVARCHAR2(30) NOT NULL,
    description   NVARCHAR2(100) NOT NULL
);

ALTER TABLE cookies ADD CONSTRAINT cookies_pk PRIMARY KEY ( name );

CREATE TABLE council (
    name           NVARCHAR2(50) NOT NULL,
    headquarters   NVARCHAR2(20) NOT NULL,
    state          CHAR(2) DEFAULT 'CA' NOT NULL
);

ALTER TABLE council ADD CONSTRAINT council_pk PRIMARY KEY ( name );

CREATE TABLE events (
    name          NVARCHAR2(50) NOT NULL,
    description   NVARCHAR2(200) NOT NULL
);

ALTER TABLE events ADD CONSTRAINT events_pk PRIMARY KEY ( name );

CREATE TABLE events_attended (
    pid         CHAR(8) NOT NULL,
    troopid     INTEGER NOT NULL,
    eventname   NVARCHAR2(50) NOT NULL
);

ALTER TABLE events_attended
    ADD CONSTRAINT events_attended_pk PRIMARY KEY ( pid,
                                                    eventname,
                                                    troopid );

CREATE TABLE girls (
    pid                CHAR(8) NOT NULL,
    troopid            INTEGER NOT NULL,
    scoutlevel         CHAR(12),
    dob                DATE NOT NULL,
    bridger            CHAR(1) NOT NULL,
    contactfirstname   NVARCHAR2(30) NOT NULL,
    contactlastname    NVARCHAR2(30) NOT NULL,
    contactphone       CHAR(12) NOT NULL
);

ALTER TABLE girls ADD CONSTRAINT girls_pk PRIMARY KEY ( pid,
                                                        troopid );

CREATE TABLE manager (
    staffid         CHAR(8) NOT NULL,
    serviceunitid   INTEGER NOT NULL
);

ALTER TABLE manager ADD CONSTRAINT manager_pk PRIMARY KEY ( staffid,
                                                            serviceunitid );

CREATE TABLE people (
    id          CHAR(8) NOT NULL,
    firstname   NVARCHAR2(30) NOT NULL,
    lastname    NVARCHAR2(30) NOT NULL,
    address     NVARCHAR2(50) NOT NULL,
    city        NVARCHAR2(20) NOT NULL,
    state       CHAR(2) NOT NULL,
    zip         CHAR(5) NOT NULL,
    phone       CHAR(12) NOT NULL
);

ALTER TABLE people ADD CONSTRAINT people_pk PRIMARY KEY ( id );

CREATE TABLE president (
    staffid       CHAR(8) NOT NULL,
    councilname   NVARCHAR2(50) NOT NULL
);

ALTER TABLE president ADD CONSTRAINT councilpresident_pk PRIMARY KEY ( staffid,
                                                                       councilname );

CREATE TABLE registrar (
    staffid         CHAR(8) NOT NULL,
    serviceunitid   INTEGER NOT NULL
);

ALTER TABLE registrar ADD CONSTRAINT registrar_pk PRIMARY KEY ( staffid,
                                                                serviceunitid );

CREATE TABLE sales (
    pid              CHAR(8) NOT NULL,
    troopid          INTEGER NOT NULL,
    cookiename       NVARCHAR2(20) NOT NULL,
    pricesold        CHAR(6) NOT NULL,
    datesold         DATE NOT NULL,
    totalboxessold   INTEGER NOT NULL
);

ALTER TABLE sales
    ADD CONSTRAINT sales_pk PRIMARY KEY ( pid,
                                          troopid,
                                          cookiename );

CREATE TABLE scout (
    scoutlevel   CHAR(12) NOT NULL,
    startage     INTEGER NOT NULL,
    endage       INTEGER NOT NULL
);

ALTER TABLE scout ADD CONSTRAINT scout_pk PRIMARY KEY ( scoutlevel );

CREATE TABLE serviceunit (
    id            INTEGER NOT NULL,
    name          NVARCHAR2(30) NOT NULL,
    councilname   NVARCHAR2(50)
);

ALTER TABLE serviceunit ADD CONSTRAINT serviceunit_pk PRIMARY KEY ( id );

CREATE TABLE staff (
    id             CHAR(8) NOT NULL,
    pid            CHAR(8) NOT NULL,
    startdate      DATE NOT NULL,
    activemember   CHAR(1) NOT NULL
);

ALTER TABLE staff ADD CONSTRAINT staff_pk PRIMARY KEY ( id );

CREATE TABLE treasurer (
    staffid       CHAR(8) NOT NULL,
    councilname   NVARCHAR2(50) NOT NULL
);

ALTER TABLE treasurer ADD CONSTRAINT counciltreasurer_pk PRIMARY KEY ( staffid,
                                                                       councilname );

CREATE TABLE troop (
    id              INTEGER NOT NULL,
    serviceunitid   INTEGER
);

ALTER TABLE troop ADD CONSTRAINT troop_pk PRIMARY KEY ( id );

CREATE TABLE troopleader (
    staffid   CHAR(8) NOT NULL,
    troopid   INTEGER NOT NULL
);

ALTER TABLE troopleader ADD CONSTRAINT troopleader_pk PRIMARY KEY ( staffid,
                                                                    troopid );

CREATE TABLE troopvolunteers (
    pid       CHAR(8) NOT NULL,
    troopid   INTEGER NOT NULL
);

ALTER TABLE troopvolunteers ADD CONSTRAINT troopvolunteers_pk PRIMARY KEY ( pid,
                                                                            troopid );

ALTER TABLE activityconsultant
    ADD CONSTRAINT activityconsultant_fk FOREIGN KEY ( serviceunitid )
        REFERENCES serviceunit ( id );

ALTER TABLE activityconsultant
    ADD CONSTRAINT activityconsultant_fkv1 FOREIGN KEY ( staffid )
        REFERENCES staff ( id );

ALTER TABLE badges_earned
    ADD CONSTRAINT badges_earned_badges_fk FOREIGN KEY ( badgename )
        REFERENCES badges ( name );

ALTER TABLE badges_earned
    ADD CONSTRAINT badges_earned_girls_fk FOREIGN KEY ( pid,
                                                        troopid )
        REFERENCES girls ( pid,
                           troopid );

ALTER TABLE badges
    ADD CONSTRAINT badges_events_fk FOREIGN KEY ( eventname )
        REFERENCES events ( name );

ALTER TABLE badges
    ADD CONSTRAINT badges_scout_fk FOREIGN KEY ( scoutlevel )
        REFERENCES scout ( scoutlevel );

ALTER TABLE cookiecoordinator
    ADD CONSTRAINT cookiecoordinator_fk FOREIGN KEY ( serviceunitid )
        REFERENCES serviceunit ( id );

ALTER TABLE cookiecoordinator
    ADD CONSTRAINT cookiecoordinator_fkv2 FOREIGN KEY ( staffid )
        REFERENCES staff ( id );

ALTER TABLE president
    ADD CONSTRAINT councilpresident_council_fk FOREIGN KEY ( councilname )
        REFERENCES council ( name );

ALTER TABLE president
    ADD CONSTRAINT councilpresident_staff_fk FOREIGN KEY ( staffid )
        REFERENCES staff ( id );

ALTER TABLE treasurer
    ADD CONSTRAINT counciltreasurer_council_fk FOREIGN KEY ( councilname )
        REFERENCES council ( name );

ALTER TABLE treasurer
    ADD CONSTRAINT counciltreasurer_staff_fk FOREIGN KEY ( staffid )
        REFERENCES staff ( id );

ALTER TABLE events_attended
    ADD CONSTRAINT events_attended_events_fk FOREIGN KEY ( eventname )
        REFERENCES events ( name );

ALTER TABLE events_attended
    ADD CONSTRAINT events_attended_girls_fk FOREIGN KEY ( pid,
                                                          troopid )
        REFERENCES girls ( pid,
                           troopid );

ALTER TABLE girls
    ADD CONSTRAINT girls_people_fk FOREIGN KEY ( pid )
        REFERENCES people ( id );

ALTER TABLE girls
    ADD CONSTRAINT girls_scout_fk FOREIGN KEY ( scoutlevel )
        REFERENCES scout ( scoutlevel );

ALTER TABLE girls
    ADD CONSTRAINT girls_troop_fk FOREIGN KEY ( troopid )
        REFERENCES troop ( id );

ALTER TABLE manager
    ADD CONSTRAINT manager_serviceunit_fk FOREIGN KEY ( serviceunitid )
        REFERENCES serviceunit ( id );

ALTER TABLE manager
    ADD CONSTRAINT manager_staff_fk FOREIGN KEY ( staffid )
        REFERENCES staff ( id );

ALTER TABLE registrar
    ADD CONSTRAINT registrar_serviceunit_fk FOREIGN KEY ( serviceunitid )
        REFERENCES serviceunit ( id );

ALTER TABLE registrar
    ADD CONSTRAINT registrar_staff_fk FOREIGN KEY ( staffid )
        REFERENCES staff ( id );

ALTER TABLE sales
    ADD CONSTRAINT sales_cookies_fk FOREIGN KEY ( cookiename )
        REFERENCES cookies ( name );

ALTER TABLE sales
    ADD CONSTRAINT sales_girls_fk FOREIGN KEY ( pid,
                                                troopid )
        REFERENCES girls ( pid,
                           troopid );

ALTER TABLE serviceunit
    ADD CONSTRAINT serviceunit_council_fk FOREIGN KEY ( councilname )
        REFERENCES council ( name )
            ON DELETE CASCADE;

ALTER TABLE staff
    ADD CONSTRAINT staff_people_fk FOREIGN KEY ( pid )
        REFERENCES people ( id );

ALTER TABLE troop
    ADD CONSTRAINT troop_serviceunit_fk FOREIGN KEY ( serviceunitid )
        REFERENCES serviceunit ( id );

ALTER TABLE troopleader
    ADD CONSTRAINT troopleader_staff_fk FOREIGN KEY ( staffid )
        REFERENCES staff ( id );

ALTER TABLE troopleader
    ADD CONSTRAINT troopleader_troop_fk FOREIGN KEY ( troopid )
        REFERENCES troop ( id );

ALTER TABLE troopvolunteers
    ADD CONSTRAINT troopvolunteers_people_fk FOREIGN KEY ( pid )
        REFERENCES people ( id );

ALTER TABLE troopvolunteers
    ADD CONSTRAINT troopvolunteers_troop_fk FOREIGN KEY ( troopid )
        REFERENCES troop ( id );



-- Oracle SQL Developer Data Modeler Summary Report: 
-- 
-- CREATE TABLE                            21
-- CREATE INDEX                             0
-- ALTER TABLE                             51
-- CREATE VIEW                              0
-- ALTER VIEW                               0
-- CREATE PACKAGE                           0
-- CREATE PACKAGE BODY                      0
-- CREATE PROCEDURE                         0
-- CREATE FUNCTION                          0
-- CREATE TRIGGER                           0
-- ALTER TRIGGER                            0
-- CREATE COLLECTION TYPE                   0
-- CREATE STRUCTURED TYPE                   0
-- CREATE STRUCTURED TYPE BODY              0
-- CREATE CLUSTER                           0
-- CREATE CONTEXT                           0
-- CREATE DATABASE                          0
-- CREATE DIMENSION                         0
-- CREATE DIRECTORY                         0
-- CREATE DISK GROUP                        0
-- CREATE ROLE                              0
-- CREATE ROLLBACK SEGMENT                  0
-- CREATE SEQUENCE                          0
-- CREATE MATERIALIZED VIEW                 0
-- CREATE MATERIALIZED VIEW LOG             0
-- CREATE SYNONYM                           0
-- CREATE TABLESPACE                        0
-- CREATE USER                              0
-- 
-- DROP TABLESPACE                          0
-- DROP DATABASE                            0
-- 
-- REDACTION POLICY                         0
-- 
-- ORDS DROP SCHEMA                         0
-- ORDS ENABLE SCHEMA                       0
-- ORDS ENABLE OBJECT                       0
-- 
-- ERRORS                                   0
-- WARNINGS                                 0

--INSERT STATEMENTS FOR PEOPLE TABLE
INSERT INTO People (ID, FirstName, LastName, Address, City, State, Zip, Phone)
	VALUES	('P6676208', 'Monica', 'MacClery', '2880 Frederick Street', 'Sacramento', 'CA', '95814', '209-512-6793'
	);
INSERT INTO People (ID, FirstName, LastName, Address, City, State, Zip, Phone)	
	VALUES	('P0298082', 'Cathleen', 'Whitaker', '2492 Providence Lane', 'La Puente', 'CA', '91744', '209-298-2742'
	);
INSERT INTO People (ID, FirstName, LastName, Address, City, State, Zip, Phone)	
	VALUES	('P5654565', 'Corinne', 'Peterson', '2701 Delaware Avenue', 'San Francisco', 'CA', '94143', '916-492-6861'
	);
INSERT INTO People (ID, FirstName, LastName, Address, City, State, Zip, Phone)	
	VALUES	('P4769670', 'Sunny', 'Walsh', '4257 Ella Street', 'Palo Alto', 'CA', '94306', '916-951-5375'
	);
INSERT INTO People (ID, FirstName, LastName, Address, City, State, Zip, Phone)	
	VALUES	('P0669387', 'Ariel', 'Parks', '2714 Dennison Street', 'Stockton', 'CA', '9520', '704-797-6365'
	);
INSERT INTO People (ID, FirstName, LastName, Address, City, State, Zip, Phone)	
	VALUES	('P1209264', 'Faith', 'Hunt', '1615 Park Avenue', 'Sacramento', 'CA', '95814', '980-330-4650'
	);
INSERT INTO People (ID, FirstName, LastName, Address, City, State, Zip, Phone)	
	VALUES	('P2086128', 'Lila', 'Morris', '1885 Alexander Avenue', 'San Rafael', 'CA', '91405', '925-627-7352'
	);
INSERT INTO People (ID, FirstName, LastName, Address, City, State, Zip, Phone)	
	VALUES	('P3275765', 'Frances', 'May', '3878 Koontz Lane', 'Van Nuys', 'CA', '91405', '818-786-2842'
	);
INSERT INTO People (ID, FirstName, LastName, Address, City, State, Zip, Phone)	
	VALUES	('P6130842', 'Larissa', 'Cooke', '49 Jail Drive', 'Los Angeles', 'CA', '90024', '310-206-6266'
	);
INSERT INTO People (ID, FirstName, LastName, Address, City, State, Zip, Phone)	
	VALUES	('P7509911', 'Bailey', 'Ackerman', '3926 Southside Lane', 'Irvine', 'CA', '92614', '323-712-4884'
	);
INSERT INTO People (ID, FirstName, LastName, Address, City, State, Zip, Phone)	
	VALUES	('P0153951', 'Christina', 'Cullen', '3569 Station Street', 'San Jose', 'CA', '95113', '510-931-2241'
	);
INSERT INTO People (ID, FirstName, LastName, Address, City, State, Zip, Phone)	
	VALUES	('P2006885', 'Elena', 'Lowry', '3476 Marietta Street', 'Cazadero', 'CA', '95421', '707-632-9229'
	);
INSERT INTO People (ID, FirstName, LastName, Address, City, State, Zip, Phone)	
	VALUES	('P3434387', 'Tiffany', 'Mathews', '2148 Hillcrest Lane', 'Anaheim', 'CA', '92805', '949-944-3938'
	);
INSERT INTO People (ID, FirstName, LastName, Address, City, State, Zip, Phone)	
	VALUES	('P4909408', 'Claire', 'Pierson', '2812 Hood Avenue', 'San Diego', 'CA', '92123', '858-646-6176'
	);
INSERT INTO People (ID, FirstName, LastName, Address, City, State, Zip, Phone)	
	VALUES	('P5067908', 'Beatrix', 'Hobson', '2973 Prospect Valley', 'Road Gardena', 'CA', '90248', '310-962-2864'
	);
INSERT INTO People (ID, FirstName, LastName, Address, City, State, Zip, Phone)	
	VALUES	('P6073101', 'Casey', 'Arnold', '969 Grim Avenue', 'San Diego ', 'CA', '92111', '619-649-8808'
	);
INSERT INTO People (ID, FirstName, LastName, Address, City, State, Zip, Phone)	
	VALUES	('P8395024', 'Zoe', 'Murphy', '2249 Half Drive', 'Kerman', 'CA', '93630', '559-846-8892'
	);
INSERT INTO People (ID, FirstName, LastName, Address, City, State, Zip, Phone)	
	VALUES	('P0813303', 'Penelope', 'Potter','1072 Denver Avenue', 'Santa Ana ', 'CA', '92705', '951-329-6200'
	);
INSERT INTO People (ID, FirstName, LastName, Address, City, State, Zip, Phone)	
	VALUES	('P2006340', 'Alan', 'Labouseur', '4683 Locust View Drive', 'San Francisco', 'CA', '94143', '415-947-1614'
	);
INSERT INTO People (ID, FirstName, LastName, Address, City, State, Zip, Phone)	
	VALUES ('P2222426', 'Brandie', 'Vincent', '888 Hide A Way Road', 'Santa Clara', 'CA', '95054', '408-221-1024'
	);
INSERT INTO People (ID, FirstName, LastName, Address, City, State, Zip, Phone)	
	VALUES ('P4982711', 'Melissa', 'Tuft', '4948 Quiet Valley Lane', 'North Hollywood', 'CA', '91605', '818-982-8675'
	);
INSERT INTO People (ID, FirstName, LastName, Address, City, State, Zip, Phone)	
	VALUES ('P5011346', 'Sophie', 'Williams', '119 Armbrester Drive', 'Irvine', 'CA', '92664', '310-462-5351'
	);
INSERT INTO People (ID, FirstName, LastName, Address, City, State, Zip, Phone)	
	VALUES ('P3719561', 'Kylie', 'Stone', '3757 Hillhaven Drive ', 'Bellflower', 'CA', '90706', '323-796-6439'
	);
INSERT INTO People (ID, FirstName, LastName, Address, City, State, Zip, Phone)	
	VALUES ('P7151776', 'Kasandra', 'Devin', '1240 Sumner Street', 'El Segundo', 'CA', '90245', '310-662-9653'
	);
INSERT INTO People (ID, FirstName, LastName, Address, City, State, Zip, Phone)	
	VALUES ('P9356285', 'Alexa', 'Boyle', '3096 Joy Lane', 'Los Angeles', 'CA', '90017', '818-534-1547'
	);
INSERT INTO People (ID, FirstName, LastName, Address, City, State, Zip, Phone)	
	VALUES ('P9486081', 'Miranda', 'Rounds', '3371 Maxwell Farm Road', 'Elk Creek', 'CA', '95939', '530-968-6975'
	);
INSERT INTO People (ID, FirstName, LastName, Address, City, State, Zip, Phone)	
	VALUES ('P4228222', 'Erica', 'Garnet', '1900 Fincham Road', 'San Diego', 'CA', '92103', '760-539-3784'
	);
INSERT INTO People (ID, FirstName, LastName, Address, City, State, Zip, Phone)	
	VALUES ('P4882973', 'Autumn', 'Pearson', '408 Alexander Avenue', 'San Jose', 'CA', '95134', '925-583-2834'
	);
INSERT INTO People (ID, FirstName, LastName, Address, City, State, Zip, Phone)	
	VALUES ('P6203489', 'Brooke', 'Clark', '2690 Bel Meadow Drive', 'San Bernardino', 'CA', '95050', '909-381-2700'
	);
INSERT INTO People (ID, FirstName, LastName, Address, City, State, Zip, Phone)	
	VALUES ('P6846684', 'Kerrie', 'Herbert', '3772 Friendship Lane', 'Santa Clara', 'CA', '95050', '408-591-8019'
	);
INSERT INTO People (ID, FirstName, LastName, Address, City, State, Zip, Phone)	
	VALUES ('P3590179', 'David', 'Washington', '2574 Atha Drive', 'Bakersfield', 'CA', '93301', '661-641-5089'
	);
INSERT INTO People (ID, FirstName, LastName, Address, City, State, Zip, Phone)	
	VALUES ('P5476217', 'Michael', 'Sterling', '4860 Water Street', 'Concord', 'CA', '94520', '925-319-3518'
	);
INSERT INTO People (ID, FirstName, LastName, Address, City, State, Zip, Phone)	
	VALUES ('P6531732', 'Danielle', 'Fletcher', '2226 Locust Court ', 'Norwalk', 'CA', '90650', '562-466-4113'
	);
INSERT INTO People (ID, FirstName, LastName, Address, City, State, Zip, Phone)	
	VALUES ('P6533998', 'Sarah', 'Tate', '2187 Southside Lane', 'South Pasadena', 'CA', '91030', '323-682-9466'
	);
INSERT INTO People (ID, FirstName, LastName, Address, City, State, Zip, Phone)	
	VALUES ('P9838394', 'Kelly', 'Thomas', '4670 Woodland Terrace', 'North Sacramento', 'CA', '95815', '916-928-8754'
	);
INSERT INTO People (ID, FirstName, LastName, Address, City, State, Zip, Phone)	
	VALUES ('P4649750', 'Allie', 'Rakes', '1872 Par Drive', 'Los Angeles', 'CA', '90017', '805-913-2452'
	);
INSERT INTO People (ID, FirstName, LastName, Address, City, State, Zip, Phone)	
	VALUES ('P6435221', 'Alexa', 'Fairfield', '1817 Doctors Drive', 'El Segundo', 'CA', '90245', '310-336-8927'
	);
INSERT INTO People (ID, FirstName, LastName, Address, City, State, Zip, Phone)	
	VALUES ('P8088710', 'Natalie', 'Bourne', '4012 Lowndes Hill', 'Palmdale', 'CA', '93550', '661-540-1887'
	);
INSERT INTO People (ID, FirstName, LastName, Address, City, State, Zip, Phone)	
	VALUES ('P9178792', 'Jackie', 'Darwin', '3437 Norman Street', 'Bellflower', 'CA', '90706', '323-312-4804'
	);
INSERT INTO People (ID, FirstName, LastName, Address, City, State, Zip, Phone)	
	VALUES ('P0120929', 'Becci', 'Hawkins', '4343 Doctors Drive', 'Gardena', 'CA', '90247', '310-353-7214'
	);
INSERT INTO People (ID, FirstName, LastName, Address, City, State, Zip, Phone)	
	VALUES ('P1092096', 'Kelly', 'Beckham', '4391 Park Road', 'Bakersfield', 'CA', '93307', '661-378-1473'
	);
INSERT INTO People (ID, FirstName, LastName, Address, City, State, Zip, Phone)	
	VALUES ('P4812421', 'Stephanie', 'Nielson', '3113 Freedom Lane', 'Stockton', 'CA', '95202', '209-430-8263'
	);
INSERT INTO People (ID, FirstName, LastName, Address, City, State, Zip, Phone)	
	VALUES ('P5877450', 'Gina', 'Clark', '4674 Friendship Lane', 'Santa Clara', 'CA', '95050', '408-687-0455'
	);
INSERT INTO People (ID, FirstName, LastName, Address, City, State, Zip, Phone)	
	VALUES ('P8808075', 'Nina', 'Noel', '4142 Marietta Street', 'Vallejo', 'CA', '94590', '707-643-8208'
	);

--INSERT STATEMENTS FOR STAFF TABLE
INSERT INTO Staff (ID, PID, StartDate, ActiveMember)
	VALUES ('S186040' , 'P6676208', (SELECT TO_DATE('1990-12-24','yyyy-mm-dd') from dual), 'T'
	);
INSERT INTO Staff (ID, PID, StartDate, ActiveMember)
	VALUES ('S4670040' , 'P0298082', (SELECT TO_DATE('1991-09-26','yyyy-mm-dd') from dual), 'T'
	);
INSERT INTO Staff (ID, PID, StartDate, ActiveMember)
	VALUES ('S5043855' , 'P5654565', (SELECT TO_DATE('1993-06-01','yyyy-mm-dd') from dual), 'T'
	);
INSERT INTO Staff (ID, PID, StartDate, ActiveMember)
	VALUES ('S6217218' , 'P4769670', (SELECT TO_DATE('1994-06-27','yyyy-mm-dd') from dual), 'T'
	);
INSERT INTO Staff (ID, PID, StartDate, ActiveMember)
	VALUES ('S1924501' , 'P0669387', (SELECT TO_DATE('1996-08-14','yyyy-mm-dd') from dual), 'T'
	);
INSERT INTO Staff (ID, PID, StartDate, ActiveMember)
	VALUES ('S2877307' , 'P1209264', (SELECT TO_DATE('1996-12-24','yyyy-mm-dd') from dual), 'T'
	);
INSERT INTO Staff (ID, PID, StartDate, ActiveMember)
	VALUES ('S7263925' , 'P2086128', (SELECT TO_DATE('1998-01-19','yyyy-mm-dd') from dual), 'F'
	);
INSERT INTO Staff (ID, PID, StartDate, ActiveMember)
	VALUES ('S9782908' , 'P3275765', (SELECT TO_DATE('1998-02-26','yyyy-mm-dd') from dual), 'T'
	);
INSERT INTO Staff (ID, PID, StartDate, ActiveMember)
	VALUES ('S2876519' , 'P6130842', (SELECT TO_DATE('1998-08-13','yyyy-mm-dd') from dual), 'T'
	);
INSERT INTO Staff (ID, PID, StartDate, ActiveMember)
	VALUES ('S3011783' , 'P7509911', (SELECT TO_DATE('1999-06-21','yyyy-mm-dd') from dual), 'F'
	);
INSERT INTO Staff (ID, PID, StartDate, ActiveMember)
	VALUES ('S5932608' , 'P0153951', (SELECT TO_DATE('2001-12-06','yyyy-mm-dd') from dual), 'T'
	);
INSERT INTO Staff (ID, PID, StartDate, ActiveMember)
	VALUES ('S7729519' , 'P2006885', (SELECT TO_DATE('2002-07-30','yyyy-mm-dd') from dual), 'T'
	);
INSERT INTO Staff (ID, PID, StartDate, ActiveMember)
	VALUES ('S8973388' , 'P3434387', (SELECT TO_DATE('2003-03-31','yyyy-mm-dd') from dual), 'T'
	);
INSERT INTO Staff (ID, PID, StartDate, ActiveMember)
	VALUES ('S4557787' , 'P4909408', (SELECT TO_DATE('2006-06-25','yyyy-mm-dd') from dual), 'T'
	);
INSERT INTO Staff (ID, PID, StartDate, ActiveMember)
	VALUES ('S1626201' , 'P5067908', (SELECT TO_DATE('2006-08-25','yyyy-mm-dd') from dual), 'T'
	);
INSERT INTO Staff (ID, PID, StartDate, ActiveMember)
	VALUES ('S6668631' , 'P6073101', (SELECT TO_DATE('2007-06-28','yyyy-mm-dd') from dual), 'T'
	);
INSERT INTO Staff (ID, PID, StartDate, ActiveMember)
	VALUES ('S8858981' , 'P8395024', (SELECT TO_DATE('2007-08-31','yyyy-mm-dd') from dual), 'F'
	);
INSERT INTO Staff (ID, PID, StartDate, ActiveMember)
	VALUES ('S2043005' , 'P0813303', (SELECT TO_DATE('2008-05-29','yyyy-mm-dd') from dual), 'F'
	);
INSERT INTO Staff (ID, PID, StartDate, ActiveMember)
	VALUES ('S4087969' , 'P2006340', (SELECT TO_DATE('2008-07-21','yyyy-mm-dd') from dual), 'T'
	);
INSERT INTO Staff (ID, PID, StartDate, ActiveMember)
	VALUES ('S5118220' , 'P2222426', (SELECT TO_DATE('2011-04-28','yyyy-mm-dd') from dual), 'T'
	);
INSERT INTO Staff (ID, PID, StartDate, ActiveMember)
	VALUES ('S4933210' , 'P4982711', (SELECT TO_DATE('2012-04-23','yyyy-mm-dd') from dual), 'T'
	);
INSERT INTO Staff (ID, PID, StartDate, ActiveMember)
	VALUES ('S5461746' , 'P5011346', (SELECT TO_DATE('2012-04-23','yyyy-mm-dd') from dual), 'T'
	);
INSERT INTO Staff (ID, PID, StartDate, ActiveMember)
	VALUES ('S6210458' , 'P3719561', (SELECT TO_DATE('2014-10-03','yyyy-mm-dd') from dual), 'T'
	);
INSERT INTO Staff (ID, PID, StartDate, ActiveMember)
	VALUES ('S1203792' , 'P7151776', (SELECT TO_DATE('2015-09-16','yyyy-mm-dd') from dual), 'T'
	);
INSERT INTO Staff (ID, PID, StartDate, ActiveMember)
	VALUES ('S3853486' , 'P9356285', (SELECT TO_DATE('2017-05-26','yyyy-mm-dd') from dual), 'T'
	);
INSERT INTO Staff (ID, PID, StartDate, ActiveMember)
	VALUES ('S4547053' , 'P9486081', (SELECT TO_DATE('1995-02-15','yyyy-mm-dd') from dual), 'T'
	);
INSERT INTO Staff (ID, PID, StartDate, ActiveMember)
	VALUES ('S6723911' , 'P4228222', (SELECT TO_DATE('2009-09-14','yyyy-mm-dd') from dual), 'T'
	);
INSERT INTO Staff (ID, PID, StartDate, ActiveMember)
	VALUES ('S7130743' , 'P4882973', (SELECT TO_DATE('2017-01-05','yyyy-mm-dd') from dual), 'T'
	);
	
--INSERT STATEMENTS FOR COUNCIL TABLE
INSERT INTO Council (Name, Headquarters, State)
	VALUES ('Girl Scouts of Central California South', 'Fresno', DEFAULT
	);
INSERT INTO Council (Name, Headquarters, State)
	VALUES ('Girl Scouts of Californias Central Coast', 'Camarillo', DEFAULT
	);
INSERT INTO Council (Name, Headquarters, State)
	VALUES ('Girl Scouts of Northern California', 'San Jose', DEFAULT
	);	
INSERT INTO Council (Name, Headquarters, State)
	VALUES ('Girl Scouts of Greater Los Angeles', 'Los Angeles', DEFAULT
	);
INSERT INTO Council (Name, Headquarters, State)
	VALUES ('Girl Scout Council of Orange County', 'Irvine', DEFAULT
	);
INSERT INTO Council (Name, Headquarters, State)
	VALUES ('Girl Scouts San Diego', 'San Diego', DEFAULT
	);

--INSERT STATEMENTS FOR PRESIDENT TABLE	
INSERT INTO President (StaffID, CouncilName)
	VALUES ('S186040', 'Girl Scouts of Northern California'
	);
INSERT INTO President (StaffID, CouncilName)
	VALUES ('S4670040', 'Girl Scout Council of Orange County'
	);
INSERT INTO President (StaffID, CouncilName)
	VALUES ('S5043855', 'Girl Scouts of Greater Los Angeles'
	);
INSERT INTO President (StaffID, CouncilName)
	VALUES ('S6217218', 'Girl Scouts San Diego'
	);

--INSERT STATEMENTS FOR TREASURER TABLE		
INSERT INTO Treasurer (StaffID, CouncilName)
	VALUES ('S1924501', 'Girl Scouts of Northern California'
	);
INSERT INTO Treasurer (StaffID, CouncilName)
	VALUES ('S2877307', 'Girl Scout Council of Orange County'
	);
INSERT INTO Treasurer (StaffID, CouncilName)
	VALUES ('S7263925', 'Girl Scouts of Greater Los Angeles'
	);
INSERT INTO Treasurer (StaffID, CouncilName)
	VALUES ('S9782908', 'Girl Scouts San Diego'
	);

--INSERT STATEMENTS FOR SERVICEUNIT TABLE	
INSERT INTO ServiceUnit (ID, Name, CouncilName)
	VALUES (378, 'Annadale', 'Girl Scouts of Central California South'
	);
INSERT INTO ServiceUnit (ID, Name, CouncilName)
	VALUES (128, 'Maple Lakes', 'Girl Scouts San Diego'
	);
INSERT INTO ServiceUnit (ID, Name, CouncilName)
	VALUES (129, 'Bloomington', 'Girl Scouts San Diego'
	);
INSERT INTO ServiceUnit (ID, Name, CouncilName)
	VALUES (467, 'Northern Woods', 'Girl Scout Council of Orange County'
	);
INSERT INTO ServiceUnit (ID, Name, CouncilName)
	VALUES (468, 'Monticello', 'Girl Scout Council of Orange County'
	);
INSERT INTO ServiceUnit (ID, Name, CouncilName)
	VALUES (469, 'Stone Arch', 'Girl Scout Council of Orange County'
	);
INSERT INTO ServiceUnit (ID, Name, CouncilName)
	VALUES (135, 'Shingle Creek', 'Girl Scouts of Northern California'
	);
INSERT INTO ServiceUnit (ID, Name, CouncilName)
	VALUES (136, 'White Water', 'Girl Scouts of Northern California'
	);
INSERT INTO ServiceUnit (ID, Name, CouncilName)
	VALUES (679, 'Robinsondale', 'Girl Scouts of Californias Central Coast'
	);
INSERT INTO ServiceUnit (ID, Name, CouncilName)
	VALUES (752, 'Cambridge', 'Girl Scouts of Greater Los Angeles'
	);

--INSERT STATEMENTS FOR MANAGER TABLE	
INSERT INTO Manager (StaffID, ServiceUnitID)
	VALUES ('S2876519', 136
	);
INSERT INTO Manager (StaffID, ServiceUnitID)
	VALUES ('S3011783', 467
	);
INSERT INTO Manager (StaffID, ServiceUnitID)
	VALUES ('S5932608', 752
	);
INSERT INTO Manager (StaffID, ServiceUnitID)
	VALUES ('S7729519', 129
	);

--INSERT STATEMENTS FOR ACTIVITYCONSULTANT TABLE	
INSERT INTO ActivityConsultant (StaffID, ServiceUnitID)
	VALUES ('S8973388', 136
	);
INSERT INTO ActivityConsultant (StaffID, ServiceUnitID)
	VALUES ('S4557787', 467
	);
INSERT INTO ActivityConsultant (StaffID, ServiceUnitID)
	VALUES ('S1626201', 752
	);
INSERT INTO ActivityConsultant (StaffID, ServiceUnitID)
	VALUES ('S6668631', 129
	);
	
--INSERT STATEMENTS FOR COOKIECOORDINATOR TABLE
INSERT INTO CookieCoordinator (StaffID, ServiceUnitID)
	VALUES ('S8858981', 136
	);
INSERT INTO CookieCoordinator (StaffID, ServiceUnitID)
	VALUES ('S2043005', 467
	);
INSERT INTO CookieCoordinator (StaffID, ServiceUnitID)
	VALUES ('S4087969', 752
	);
INSERT INTO CookieCoordinator (StaffID, ServiceUnitID)
	VALUES ('S5118220', 129
	);

--INSERT STATEMENTS FOR REGISTRAR TABLE
INSERT INTO Registrar (StaffID, ServiceUnitID)
	VALUES ('S4933210', 136
	);
INSERT INTO Registrar (StaffID, ServiceUnitID)
	VALUES ('S5461746', 467
	);
INSERT INTO Registrar (StaffID, ServiceUnitID)
	VALUES ('S6210458', 752
	);
INSERT INTO Registrar (StaffID, ServiceUnitID)
	VALUES ('S1203792', 129
	);
	   
--INSERT STATEMENTS FOR TROOPS TABLE
INSERT INTO Troop (ID, ServiceUnitID)
	VALUES ( 3457, 752
	);
INSERT INTO Troop (ID, ServiceUnitID)
	VALUES (1369, 752 
	);
INSERT INTO Troop (ID, ServiceUnitID)
	VALUES (2689, 135
	);
INSERT INTO Troop (ID, ServiceUnitID)
	VALUES (1213, 135
	);
INSERT INTO Troop (ID, ServiceUnitID)
	VALUES (2679, 135 
	);
INSERT INTO Troop (ID, ServiceUnitID)
	VALUES (2346, 679
	);
INSERT INTO Troop (ID, ServiceUnitID)
	VALUES (1248, 136
	);
INSERT INTO Troop (ID, ServiceUnitID)
	VALUES (3579, 469
	);
INSERT INTO Troop (ID, ServiceUnitID)
	VALUES (1602, 468
	);
INSERT INTO Troop (ID, ServiceUnitID)
	VALUES (9527, 467
	);
INSERT INTO Troop (ID, ServiceUnitID)
	VALUES (4125, 129 
	);
INSERT INTO Troop (ID, ServiceUnitID)
	VALUES (8176, 128
	);
INSERT INTO Troop (ID, ServiceUnitID)
	VALUES (7836, 128
	);
INSERT INTO Troop (ID, ServiceUnitID)
	VALUES (6281, 378 
	);	   
INSERT INTO TroopLeader (StaffID, TroopID)
	VALUES ('S3853486', 1213
	);
INSERT INTO TroopLeader (StaffID, TroopID)
	VALUES ('S4547053', 1602
	);
INSERT INTO TroopLeader (StaffID, TroopID)
	VALUES ('S6723911', 1369
	);
INSERT INTO TroopLeader (StaffID, TroopID)
	VALUES ('S7130743', 1369
	);

--INSERT STATEMENTS FOR TROOPLEADER TABLE
INSERT INTO TroopLeader (StaffID, TroopID)
	VALUES ('S3853486', 1213
	);
INSERT INTO TroopLeader (StaffID, TroopID)
	VALUES ('S4547053', 1602
	);
INSERT INTO TroopLeader (StaffID, TroopID)
	VALUES ('S6723911', 1369
	);
INSERT INTO TroopLeader (StaffID, TroopID)
	VALUES ('S7130743', 1369
	);

--INSERT STATEMENTS FOR TROOPVOLUNTEERS TABLE	
INSERT INTO TroopVolunteers (PID, TroopID)
	VALUES ('P6203489', 4125
	);
INSERT INTO TroopVolunteers (PID, TroopID)
	VALUES ('P6846684', 4125
	);
INSERT INTO TroopVolunteers (PID, TroopID)
	VALUES ('P3590179', 4125
	);
INSERT INTO TroopVolunteers (PID, TroopID)
	VALUES ('P5476217', 8176
	);
INSERT INTO TroopVolunteers (PID, TroopID)
	VALUES ('P6531732', 8176
	);
INSERT INTO TroopVolunteers (PID, TroopID)
	VALUES ('P6533998', 8176
	);

--INSERT STATEMENTS FOR SCOUT TABLE
INSERT INTO Scout (ScoutLevel, StartAge, EndAge)
	VALUES ('Daisy', 5, 6
	);
INSERT INTO Scout (ScoutLevel, StartAge, EndAge)
	VALUES ('Brownie', 7, 8
	);
INSERT INTO Scout (ScoutLevel, StartAge, EndAge)
	VALUES ('Junior', 9, 10
	);	
INSERT INTO Scout (ScoutLevel, StartAge, EndAge)
	VALUES ('Cadette', 11, 13
	);
INSERT INTO Scout (ScoutLevel, StartAge, EndAge)
	VALUES ('Senior', 14, 15
	);
INSERT INTO Scout (ScoutLevel, StartAge, EndAge)
	VALUES ('Ambassador', 16, 18
	);

--INSERT STATEMENTS FOR GIRLS TABLE	     
INSERT INTO Girls (PID, TroopID, ScoutLevel, DOB, Bridger, ContactFirstName, ContactLastName, ContactPhone)
	VALUES ('P9838394', 1602, 'Cadette', (SELECT TO_DATE('2006-08-09','yyyy-mm-dd') from dual), 'T', 'Ann', 'Reed', '718-351-0931'
	);
INSERT INTO Girls (PID, TroopID, ScoutLevel, DOB, Bridger, ContactFirstName, ContactLastName, ContactPhone)
	VALUES ('P4649750', 4125, 'Brownie', (SELECT TO_DATE('2010-12-18','yyyy-mm-dd') from dual), 'T', 'Jessica', 'Griffin', '628-704-2570'
	);
INSERT INTO Girls (PID, TroopID, ScoutLevel, DOB, Bridger, ContactFirstName, ContactLastName, ContactPhone)
	VALUES ('P6435221', 1213, 'Ambassador', (SELECT TO_DATE('2001-04-22','yyyy-mm-dd') from dual), 'F', 'Peter', 'Murphy', '347-600-2659'
	);
INSERT INTO Girls (PID, TroopID, ScoutLevel, DOB, Bridger, ContactFirstName, ContactLastName, ContactPhone)
	VALUES ('P9178792', 1213, 'Daisy', (SELECT TO_DATE('2013-09-01','yyyy-mm-dd') from dual), 'T', 'Richard', 'Johnson', '740-737-6901'
	);
INSERT INTO Girls (PID, TroopID, ScoutLevel, DOB, Bridger, ContactFirstName, ContactLastName, ContactPhone)
	VALUES ('P0120929', 1369, 'Daisy', (SELECT TO_DATE('2012-02-12','yyyy-mm-dd') from dual), 'T', 'John', 'Adams', '564-525-1982'
	);
INSERT INTO Girls (PID, TroopID, ScoutLevel, DOB, Bridger, ContactFirstName, ContactLastName, ContactPhone)
	VALUES ('P1092096', 2346, 'Senior', (SELECT TO_DATE('2004-03-20','yyyy-mm-dd') from dual), 'T', 'Joe', 'Howard', '432-634-9135'
	);	
INSERT INTO Girls (PID, TroopID, ScoutLevel, DOB, Bridger, ContactFirstName, ContactLastName, ContactPhone)
	VALUES ('P4812421', 2689, 'Junior', (SELECT TO_DATE('2009-03-03','yyyy-mm-dd') from dual), 'T', 'Joan', 'Green', '524-995-4760'
	);
INSERT INTO Girls (PID, TroopID, ScoutLevel, DOB, Bridger, ContactFirstName, ContactLastName, ContactPhone)
	VALUES ('P5877450', 1248, 'Ambassador', (SELECT TO_DATE('2002-11-01','yyyy-mm-dd') from dual), 'F', 'Chris', 'Baker', '236-499-7072'
	);
INSERT INTO Girls (PID, TroopID, ScoutLevel, DOB, Bridger, ContactFirstName, ContactLastName, ContactPhone)
	VALUES ('P8808075', 6281, 'Senior', (SELECT TO_DATE('2003-12-18','yyyy-mm-dd') from dual), 'F', 'Terry', 'Flores', '922-483-6672'
	);		   

--INSERT STATEMENTS FOR EVENTS TABLE	     
INSERT INTO Events (Name, Description)
	VALUES ('Skill Learning', 'Girls will learn skills from different areas of life such as: food, athletics, art, and the environment, becoming well-rounded women in our world.'
	);	
INSERT INTO Events (Name, Description)
	VALUES ('Financial Literacy', 'Girls will learn the basics of credit, how to be frugal with their savings, and planning for their future. '
	);	
INSERT INTO Events (Name, Description)
	VALUES ('Cookie Business', 'Girls will learn when and where to sell cookies, develop money management skills and people skills by interacting with customers, and overall business ethics.'
	);	

--INSERT STATEMENTS FOR EVENTS_ATTENDED TABLE	     
INSERT INTO Events_Attended (PID, TroopID, EventName)
	VALUES ('P4649750', 4125, 'Skill Learning'
	);
INSERT INTO Events_Attended (PID, TroopID, EventName)
	VALUES ('P6435221', 1213, 'Financial Literacy'
	);
INSERT INTO Events_Attended (PID, TroopID, EventName)
	VALUES ('P9178792', 1213, 'Financial Literacy'
	);
INSERT INTO Events_Attended (PID, TroopID, EventName)
	VALUES ('P0120929', 1369, 'Cookie Business'
	);
INSERT INTO Events_Attended (PID, TroopID, EventName)
	VALUES ('P1092096', 2346, 'Skill Learning'
	);
INSERT INTO Events_Attended (PID, TroopID, EventName)
	VALUES ('P4812421', 2689,'Financial Literacy'
	);
INSERT INTO Events_Attended (PID, TroopID, EventName)
	VALUES ('P5877450', 1248,'Cookie Business'
	);
INSERT INTO Events_Attended (PID, TroopID, EventName)
	VALUES ('P8808075', 6281, 'Cookie Business'
	);
	
--INSERT STATEMENTS FOR BAGDES TABLE	     
INSERT INTO Badges (Name, EventName, ScoutLevel)
	VALUES ('Use Resources Wisely','Skill Learning', 'Daisy'
	);	
INSERT INTO Badges (Name, EventName, ScoutLevel)
	VALUES ('Respect Authority', 'Skill Learning', 'Daisy'
	);	
INSERT INTO Badges (Name, EventName, ScoutLevel)
	VALUES ('Be A Sister To Every Girl Scout', 'Skill Learning', 'Daisy'
	);	
INSERT INTO Badges (Name, EventName, ScoutLevel)
	VALUES ('Computer Expert', 'Skill Learning', 'Brownie'
	);	
INSERT INTO Badges (Name, EventName, ScoutLevel)
	VALUES ('Making Friends', 'Skill Learning', 'Brownie'
	);	
INSERT INTO Badges (Name, EventName, ScoutLevel)
	VALUES ('Pottery', 'Skill Learning', 'Brownie'
	);		
INSERT INTO Badges (Name, EventName, ScoutLevel)
	VALUES ('Camper', 'Skill Learning', 'Junior'
	);		
INSERT INTO Badges (Name, EventName, ScoutLevel)
	VALUES ('Photographer', 'Skill Learning', 'Junior'
	);	
INSERT INTO Badges (Name, EventName, ScoutLevel)
	VALUES ('Detetive', 'Skill Learning', 'Junior'
	);	
INSERT INTO Badges (Name, EventName, ScoutLevel)
	VALUES ('Public Speaker', 'Skill Learning', 'Cadette'
	);	
INSERT INTO Badges (Name, EventName, ScoutLevel)
	VALUES ('Baby Sitter', 'Skill Learning', 'Cadette'
	);	
INSERT INTO Badges (Name, EventName, ScoutLevel)
	VALUES ('Animal Helper', 'Skill Learning', 'Cadette'
	);	
INSERT INTO Badges (Name, EventName, ScoutLevel)
	VALUES ('Website Designer', 'Skill Learning', 'Senior'
	);	
INSERT INTO Badges (Name, EventName, ScoutLevel)
	VALUES ('Room Makeover', 'Skill Learning', 'Senior'
	);	
INSERT INTO Badges (Name, EventName, ScoutLevel)
	VALUES ('Traveler', 'Skill Learning', 'Senior'
	);	
INSERT INTO Badges (Name, EventName, ScoutLevel)
	VALUES ('Womens Health', 'Skill Learning', 'Ambassador'
	);	
INSERT INTO Badges (Name, EventName, ScoutLevel)
	VALUES ('Car Care', 'Skill Learning', 'Ambassador'
	);	
INSERT INTO Badges (Name, EventName, ScoutLevel)
	VALUES ('Business Etiquette', 'Skill Learning', 'Ambassador'
	);	
INSERT INTO Badges (Name, EventName, ScoutLevel)
	VALUES ('Money Counts', 'Financial Literacy', 'Daisy'
	);	
INSERT INTO Badges (Name, EventName, ScoutLevel)
	VALUES ('Making Choices', 'Financial Literacy', 'Daisy'
	);	
INSERT INTO Badges (Name, EventName, ScoutLevel)
	VALUES ('Money Manager', 'Financial Literacy', 'Brownie'
	);	
INSERT INTO Badges (Name, EventName, ScoutLevel)
	VALUES ('Philanthropist', 'Financial Literacy', 'Brownie'
	);	
INSERT INTO Badges (Name, EventName, ScoutLevel)
	VALUES ('Business Owner', 'Financial Literacy', 'Junior'
	);	
INSERT INTO Badges (Name, EventName, ScoutLevel)
	VALUES ('Savvy Shopper', 'Financial Literacy', 'Junior'
	);	
INSERT INTO Badges (Name, EventName, ScoutLevel)
	VALUES ('Budgeting', 'Financial Literacy', 'Cadette'
	);	
INSERT INTO Badges (Name, EventName, ScoutLevel)
	VALUES ('Comparison Shopping', 'Financial Literacy', 'Cadette'
	);	
INSERT INTO Badges (Name, EventName, ScoutLevel)
	VALUES ('Finacing My Dreams', 'Financial Literacy', 'Cadette'
	);	
INSERT INTO Badges (Name, EventName, ScoutLevel)
	VALUES ('Buying Power', 'Financial Literacy', 'Senior'
	);	
INSERT INTO Badges (Name, EventName, ScoutLevel)
	VALUES ('Financing My Future', 'Financial Literacy', 'Senior'
	);	
INSERT INTO Badges (Name, EventName, ScoutLevel)
	VALUES ('On My Own', 'Financial Literacy', 'Ambassador'
	);	
INSERT INTO Badges (Name, EventName, ScoutLevel)
	VALUES ('Good Credit', 'Financial Literacy', 'Ambassador'
	);	
INSERT INTO Badges (Name, EventName, ScoutLevel)
	VALUES ('Count It Up', 'Cookie Business', 'Daisy'
	);
INSERT INTO Badges (Name, EventName, ScoutLevel)
	VALUES ('Talk It Up', 'Cookie Business', 'Daisy'
	);
INSERT INTO Badges (Name, EventName, ScoutLevel)
	VALUES ('Meet My Customers', 'Cookie Business', 'Brownie'
	);
INSERT INTO Badges (Name, EventName, ScoutLevel)
	VALUES ('Give Back', 'Cookie Business', 'Brownie'
	);
INSERT INTO Badges (Name, EventName, ScoutLevel)
	VALUES ('CookieCEO', 'Cookie Business', 'Junior'
	);
INSERT INTO Badges (Name, EventName, ScoutLevel)
	VALUES ('Customer Insights', 'Cookie Business', 'Junior'
	);
INSERT INTO Badges (Name, EventName, ScoutLevel)
	VALUES ('Business Plan', 'Cookie Business', 'Cadette'
	);
INSERT INTO Badges (Name, EventName, ScoutLevel)
	VALUES ('Marketing', 'Cookie Business', 'Cadette'
	);
INSERT INTO Badges (Name, EventName, ScoutLevel)
	VALUES ('Thing Big', 'Cookie Business', 'Cadette'
	);
INSERT INTO Badges (Name, EventName, ScoutLevel)
	VALUES ('Customer Loyalty', 'Cookie Business', 'Senior'
	);
INSERT INTO Badges (Name, EventName, ScoutLevel)
	VALUES ('My Portfolio', 'Cookie Business', 'Senior'
	);
INSERT INTO Badges (Name, EventName, ScoutLevel)
	VALUES ('Research and Development', 'Cookie Business', 'Ambassador'
	);

--INSERT STATEMENTS FOR BAGDES_EARNED TABLE	     
INSERT INTO Badges_Earned (PID, TroopID, BadgeName)
	VALUES ('P4649750', 4125, 'Money Manager'
	);
INSERT INTO Badges_Earned (PID, TroopID, BadgeName)
	VALUES ('P6435221', 1213, 'Respect Authority'
	);
INSERT INTO Badges_Earned (PID, TroopID, BadgeName)
	VALUES ('P9178792', 1213, 'CookieCEO'
	);
INSERT INTO Badges_Earned (PID, TroopID, BadgeName)
	VALUES ('P0120929', 1369, 'Animal Helper'
	);
INSERT INTO Badges_Earned (PID, TroopID, BadgeName)
	VALUES ('P1092096', 2346, 'Financing My Future'
	);
INSERT INTO Badges_Earned (PID, TroopID, BadgeName)
	VALUES ('P4812421', 2689, 'Savvy Shopper'
	);
INSERT INTO Badges_Earned (PID, TroopID, BadgeName)
	VALUES ('P5877450', 1248, 'Meet My Customers'
	);
INSERT INTO Badges_Earned (PID, TroopID, BadgeName)
	VALUES ('P8808075', 6281, 'Customer Loyalty'
	);

--INSERT STATEMENTS FOR COOKIES TABLE	     	
INSERT INTO Cookies (Name, Supplier, Description)
	VALUES ('Thin Mints', 'Little Brownie Bakers', 'Round, mint-flavored cookies with a delicious chocolaty coating.'
	);
INSERT INTO Cookies (Name, Supplier, Description)
	VALUES ('Samoas', 'Little Brownie Bakers', 'Caramel and toasted coconut-covered cookies.'
	);
INSERT INTO Cookies (Name, Supplier, Description)
	VALUES ('Tagalongs', 'ABC Bakers', 'Peanut butter patty with a rich chocolaty coating.'
	);
INSERT INTO Cookies (Name, Supplier, Description)
	VALUES ('Trefoils', 'ABC Bakers', 'Trefoil shaped shortbread cookies'
	);
INSERT INTO Cookies (Name, Supplier, Description)
	VALUES ('Do-si-dos', 'Little Brownie Bakers', 'Peanut butter patty with crisp and crunchy oatmeal on the outside.'
	);
INSERT INTO Cookies (Name, Supplier, Description)
	VALUES ('Lemonades', 'ABC Bakers', 'Tangy lemon-icing-topped shortbread cookies.'
	);

--INSERT STATEMENTS FOR SALES TABLE	
INSERT INTO Sales (PID, TroopID, CookieName, PriceSold, Datesold, TotalBoxesSold)
	VALUES ('P4649750', 4125, 'Thin Mints', '$4.00', (SELECT TO_DATE('2018-01-08','yyyy-mm-dd') from dual), '10'
	);
INSERT INTO Sales (PID, TroopID, CookieName, PriceSold, Datesold, TotalBoxesSold)
	VALUES ('P6435221', 1213, 'Do-si-dos', '$4.00', (SELECT TO_DATE('2018-01-12','yyyy-mm-dd') from dual), '5'
    );
INSERT INTO Sales (PID, TroopID, CookieName, PriceSold, Datesold, TotalBoxesSold)
	VALUES ('P6435221', 1602, 'Tagalongs', '$4.00', (SELECT TO_DATE('2018-06-17','yyyy-mm-dd') from dual), '23'
	);
INSERT INTO Sales (PID, TroopID, CookieName, PriceSold, Datesold, TotalBoxesSold)
	VALUES ('P6435221', 1602, 'Samoas', '$4.00', (SELECT TO_DATE('2018-06-17','yyyy-mm-dd') from dual), '16'
	);
INSERT INTO Sales (PID, TroopID, CookieName, PriceSold, Datesold, TotalBoxesSold)
	VALUES ('P1092096', 1602, 'Thin Mints', '$4.00', (SELECT TO_DATE('2018-06-17','yyyy-mm-dd') from dual), '19'
	);
INSERT INTO Sales (PID, TroopID, CookieName, PriceSold, Datesold, TotalBoxesSold)
	VALUES ('P1092096', 2346, 'Lemonades', '$4.00', (SELECT TO_DATE('2018-03-12','yyyy-mm-dd') from dual), '11'
	);
INSERT INTO Sales (PID, TroopID, CookieName, PriceSold, Datesold, TotalBoxesSold)
	VALUES ('P4812421', 2689, 'Trefoils', '$4.00', (SELECT TO_DATE('2018-04-11','yyyy-mm-dd') from dual), '8'
	);
INSERT INTO Sales (PID, TroopID, CookieName, PriceSold, Datesold, TotalBoxesSold)
	VALUES ('P5877450', 1248, 'Trefoils', '$4.00', (SELECT TO_DATE('2018-04-24','yyyy-mm-dd') from dual), '14'
	);
INSERT INTO Sales (PID, TroopID, CookieName, PriceSold, Datesold, TotalBoxesSold)
	VALUES ('P5877450', 1248, 'Samoas', '$4.00', (SELECT TO_DATE('2018-04-24','yyyy-mm-dd') from dual), '17'
	);

--INSERT STATEMENTS FOR REPORT 1
SELECT council.name, serviceunit.ID, troop.ID, troopvolunteers.pid, people.firstname, people.lastname
	FROM council, serviceunit, troop, troopvolunteers, people 
		WHERE council.name = serviceunit.councilname
			AND serviceunit.ID = troop.serviceunitID 
			AND troop.ID = troopvolunteers.troopID 
			AND people.ID = troopvolunteers.PID A
			ND serviceunit.ID = 129; 
			
--INSERT STATEMENTS FOR REPORT 2
SELECT p.firstname, p.lastname, b.scoutlevel, be.badgename, b.eventname
  FROM people p, badges_earned be, scout s, events e, badges b   
  	WHERE p.ID = be.PID
  		AND b.scoutlevel = s.scoutlevel 
  		AND be.badgename = b.name
		AND b.eventname = e.name; 	 

--INSERT STATEMENTS FOR VIEW 1
CREATE VIEW BadgeDistribution as 
SELECT p.firstname, p.lastname, b.scoutlevel, be.badgename, b.eventname
  FROM people p, badges_earned be, scout s, events e, badges b
  	WHERE p.ID = be.PID 
  		AND b.scoutlevel = s.scoutlevel 
  		AND be.badgename = b.name
		AND b.eventname = e.name; 
SELECT * FROM BadgeDistribution; 

--INSERT STATEMENTS FOR VIEW 2
CREATE VIEW WhoSoldTheMostSamoas as 
SELECT DISTINCT p.firstname, p.lastname, s.cookiename, s.totalboxessold 
  FROM people p, sales s, cookies c, girls g, scout sc
 	WHERE p.ID = s.PID 
 		AND g.scoutlevel = sc.scoutlevel
 		AND s.cookiename = c.name
        AND s.totalboxessold > 10
        AND cookiename = 'Samoas';
SELECT * FROM WhoSoldTheMostSamoas; 